IndicatorCode,Indicator,ValueType,ParentLocationCode,ParentLocation,Location type,SpatialDimValueCode,Location,Period type,Period,IsLatestYear,Dim1 type,Dim1,Dim1ValueCode,Dim2 type,Dim2,Dim2ValueCode,Dim3 type,Dim3,Dim3ValueCode,DataSourceDimValueCode,DataSource,FactValueNumericPrefix,FactValueNumeric,FactValueUoM,FactValueNumericLowPrefix,FactValueNumericLow,FactValueNumericHighPrefix,FactValueNumericHigh,Value,FactValueTranslationID,FactComments,Language,DateModified
SDGFPALL,Women of reproductive age (aged 15-49 years) who have their need for family planning satisfied with modern methods (%),text,AFR,Africa,Country,UGA,Uganda,Year,2021,true,Sex,Female,SEX_FMLE,Age Group,15-49 years,AGEGROUP_AGE15-49,,,,,,,65.5,,,,,,65.5,,The global indicator represents all women of reproductive age. This survey estimate represents women who are married or in a union. Uganda 2021 PMA Survey Phase 2,EN,2023-03-08T05:00:00.000Z
SDGFPALL,Women of reproductive age (aged 15-49 years) who have their need for family planning satisfied with modern methods (%),text,AFR,Africa,Country,NER,Niger,Year,2020-2021,true,Sex,Female,SEX_FMLE,Age Group,15-49 years,AGEGROUP_AGE15-49,,,,,,,36.9,,,,,,36.9,,Niger 2021 PMA Survey Phase 1,EN,2023-03-08T05:00:00.000Z
SDGFPALL,Women of reproductive age (aged 15-49 years) who have their need for family planning satisfied with modern methods (%),text,AFR,Africa,Country,BFA,Burkina Faso,Year,2020-2021,true,Sex,Female,SEX_FMLE,Age Group,15-49 years,AGEGROUP_AGE15-49,,,,,,,58.2,,,,,,58.2,,Burkina Faso 2021 PMA Survey Phase 2,EN,2023-03-08T05:00:00.000Z
SDGFPALL,Women of reproductive age (aged 15-49 years) who have their need for family planning satisfied with modern methods (%),text,WPR,Western Pacific,Country,VNM,Viet Nam,Year,2020-2021,true,Sex,Female,SEX_FMLE,Age Group,15-49 years,AGEGROUP_AGE15-49,,,,,,,72.1,,,,,,72.1,,The global indicator represents all women of reproductive age. This survey estimate represents women who are married or in a union. Viet Nam 2020-2021 Multiple Indicator Cluster Survey,EN,2023-03-08T05:00:00.000Z
SDGFPALL,Women of reproductive age (aged 15-49 years) who have their need for family planning satisfied with modern methods (%),text,AFR,Africa,Country,CIV,Cote d'Ivoire,Year,2020,true,Sex,Female,SEX_FMLE,Age Group,15-49 years,AGEGROUP_AGE15-49,,,,,,,46.1,,,,,,46.1,,Côte d'Ivoire 2020 PMA Survey Phase 1,EN,2023-03-08T05:00:00.000Z
SDGFPALL,Women of reproductive age (aged 15-49 years) who have their need for family planning satisfied with modern methods (%),text,EUR,Europe,Country,MDA,Republic of Moldova,Year,2020,true,Sex,Female,SEX_FMLE,Age Group,15-49 years,AGEGROUP_AGE15-49,,,,,,,59.5,,,,,,59.5,,Moldova 2020 Gender and Generations Survey,EN,2023-03-08T05:00:00.000Z
SDGFPALL,Women of reproductive age (aged 15-49 years) who have their need for family planning satisfied with modern methods (%),text,AFR,Africa,Country,ETH,Ethiopia,Year,2020,true,Sex,Female,SEX_FMLE,Age Group,15-49 years,AGEGROUP_AGE15-49,,,,,,,62.6,,,,,,62.6,,The global indicator represents all women of reproductive age. This survey estimate represents women who are married or in a union. Ethiopia 2020 PMA Cross Sectional,EN,2023-03-08T05:00:00.000Z
SDGFPALL,Women of reproductive age (aged 15-49 years) who have their need for family planning satisfied with modern methods (%),text,AFR,Africa,Country,MDG,Madagascar,Year,2020,true,Sex,Female,SEX_FMLE,Age Group,15-49 years,AGEGROUP_AGE15-49,,,,,,,65.6,,,,,,65.6,,The global indicator represents all women of reproductive age. This survey estimate represents women who are married or in a union. Madagascar 2020 Demographic and Health Survey,EN,2023-03-08T05:00:00.000Z
SDGFPALL,Women of reproductive age (aged 15-49 years) who have their need for family planning satisfied with modern methods (%),text,AMR,Americas,Country,PER,Peru,Year,2020,true,Sex,Female,SEX_FMLE,Age Group,15-49 years,AGEGROUP_AGE15-49,,,,,,,65.9,,,,,,65.9,,The global indicator represents all women of reproductive age. This survey estimate represents women who are married or in a union. Peru 2020 Demographic and Health Survey (Continuous),EN,2023-03-08T05:00:00.000Z
SDGFPALL,Women of reproductive age (aged 15-49 years) who have their need for family planning satisfied with modern methods (%),text,AFR,Africa,Country,KEN,Kenya,Year,2020,true,Sex,Female,SEX_FMLE,Age Group,15-49 years,AGEGROUP_AGE15-49,,,,,,,77.1,,,,,,77.1,,Kenya 2020 PMA Survey Phase 2,EN,2023-03-08T05:00:00.000Z
SDGFPALL,Women of reproductive age (aged 15-49 years) who have their need for family planning satisfied with modern methods (%),text,AFR,Africa,Country,MRT,Mauritania,Year,2019-2020,true,Sex,Female,SEX_FMLE,Age Group,15-49 years,AGEGROUP_AGE15-49,,,,,,,22.4,,,,,,22.4,,The global indicator represents all women of reproductive age. This survey estimate represents women who are married or in a union. Contraceptive use excludes male and female sterilization. Mauritania 2019-2020 Demographic and Health Survey,EN,2023-03-08T05:00:00.000Z
SDGFPALL,Women of reproductive age (aged 15-49 years) who have their need for family planning satisfied with modern methods (%),text,WPR,Western Pacific,Country,WSM,Samoa,Year,2019-2020,true,Sex,Female,SEX_FMLE,Age Group,15-49 years,AGEGROUP_AGE15-49,,,,,,,27,,,,,,27,,Samoa 2019-2020 Multiple Indicator Cluster Survey,EN,2023-03-08T05:00:00.000Z
SDGFPALL,Women of reproductive age (aged 15-49 years) who have their need for family planning satisfied with modern methods (%),text,AFR,Africa,Country,GMB,Gambia,Year,2019-2020,true,Sex,Female,SEX_FMLE,Age Group,15-49 years,AGEGROUP_AGE15-49,,,,,,,41.1,,,,,,41.1,,Gambia 2019-2020 Demographic and Health Survey,EN,2023-03-08T05:00:00.000Z
SDGFPALL,Women of reproductive age (aged 15-49 years) who have their need for family planning satisfied with modern methods (%),text,WPR,Western Pacific,Country,TUV,Tuvalu,Year,2019-2020,true,Sex,Female,SEX_FMLE,Age Group,15-49 years,AGEGROUP_AGE15-49,,,,,,,46.2,,,,,,46.2,,Tuvalu 2019-2020 Multiple Indicator Cluster Survey,EN,2023-03-08T05:00:00.000Z
SDGFPALL,Women of reproductive age (aged 15-49 years) who have their need for family planning satisfied with modern methods (%),text,AMR,Americas,Country,GUY,Guyana,Year,2019-2020,true,Sex,Female,SEX_FMLE,Age Group,15-49 years,AGEGROUP_AGE15-49,,,,,,,46.6,,,,,,46.6,,Guyana 2019-2020 Multiple Indicator Cluster Survey,EN,2023-03-08T05:00:00.000Z
SDGFPALL,Women of reproductive age (aged 15-49 years) who have their need for family planning satisfied with modern methods (%),text,AFR,Africa,Country,LBR,Liberia,Year,2019-2020,true,Sex,Female,SEX_FMLE,Age Group,15-49 years,AGEGROUP_AGE15-49,,,,,,,47.5,,,,,,47.5,,Liberia 2019-2020 Demographic and Health Survey,EN,2023-03-08T05:00:00.000Z
SDGFPALL,Women of reproductive age (aged 15-49 years) who have their need for family planning satisfied with modern methods (%),text,EMR,Eastern Mediterranean,Country,PSE,"occupied Palestinian territory, including east Jerusalem",Year,2019-2020,true,Sex,Female,SEX_FMLE,Age Group,15-49 years,AGEGROUP_AGE15-49,,,,,,,61,,,,,,61,,The global indicator represents all women of reproductive age. This survey estimate represents women who are married or in a union. State of Palestine 2019-2020 MICS,EN,2023-03-08T05:00:00.000Z
SDGFPALL,Women of reproductive age (aged 15-49 years) who have their need for family planning satisfied with modern methods (%),text,AFR,Africa,Country,RWA,Rwanda,Year,2019-2020,true,Sex,Female,SEX_FMLE,Age Group,15-49 years,AGEGROUP_AGE15-49,,,,,,,72.1,,,,,,72.1,,Rwanda 2019-2020 Demographic and Health Survey,EN,2023-03-08T05:00:00.000Z
SDGFPALL,Women of reproductive age (aged 15-49 years) who have their need for family planning satisfied with modern methods (%),text,AFR,Africa,Country,MWI,Malawi,Year,2019-2020,true,Sex,Female,SEX_FMLE,Age Group,15-49 years,AGEGROUP_AGE15-49,,,,,,,77.3,,,,,,77.3,,Malawi 2019-2020 Multiple Indicator Cluster Survey,EN,2023-03-08T05:00:00.000Z
SDGFPALL,Women of reproductive age (aged 15-49 years) who have their need for family planning satisfied with modern methods (%),text,AMR,Americas,Country,ARG,Argentina,Year,2019-2020,true,Sex,Female,SEX_FMLE,Age Group,15-49 years,AGEGROUP_AGE15-49,,,,,,,80.3,,,,,,80.3,,Argentina 2019-2020 Multiple Indicator Cluster Survey,EN,2023-03-08T05:00:00.000Z
SDGFPALL,Women of reproductive age (aged 15-49 years) who have their need for family planning satisfied with modern methods (%),text,AFR,Africa,Country,TCD,Chad,Year,2019,true,Sex,Female,SEX_FMLE,Age Group,15-49 years,AGEGROUP_AGE15-49,,,,,,,17.5,,,,,,17.5,,The global indicator represents all women of reproductive age. This survey estimate represents women who are married or in a union. Chad 2019 Multiple Indicator Cluster Survey,EN,2023-03-08T05:00:00.000Z
SDGFPALL,Women of reproductive age (aged 15-49 years) who have their need for family planning satisfied with modern methods (%),text,AFR,Africa,Country,CAF,Central African Republic,Year,2019,true,Sex,Female,SEX_FMLE,Age Group,15-49 years,AGEGROUP_AGE15-49,,,,,,,27.6,,,,,,27.6,,Central African Republic 2018-2019 Multiple Indicator Cluster Survey,EN,2023-03-08T05:00:00.000Z
SDGFPALL,Women of reproductive age (aged 15-49 years) who have their need for family planning satisfied with modern methods (%),text,EUR,Europe,Country,SRB,Serbia,Year,2019,true,Sex,Female,SEX_FMLE,Age Group,15-49 years,AGEGROUP_AGE15-49,,,,,,,38.4,,,,,,38.4,,Serbia 2019 Multiple Indicator Cluster Survey,EN,2023-03-08T05:00:00.000Z
SDGFPALL,Women of reproductive age (aged 15-49 years) who have their need for family planning satisfied with modern methods (%),text,WPR,Western Pacific,Country,TON,Tonga,Year,2019,true,Sex,Female,SEX_FMLE,Age Group,15-49 years,AGEGROUP_AGE15-49,,,,,,,49.9,,,,,,49.9,,Tonga 2019 Multiple Indicator Cluster Survey,EN,2023-03-08T05:00:00.000Z
SDGFPALL,Women of reproductive age (aged 15-49 years) who have their need for family planning satisfied with modern methods (%),text,AFR,Africa,Country,SLE,Sierra Leone,Year,2019,true,Sex,Female,SEX_FMLE,Age Group,15-49 years,AGEGROUP_AGE15-49,,,,,,,53,,,,,,53,,Sierra Leone 2019 Demographic and Health Survey,EN,2023-03-08T05:00:00.000Z
SDGFPALL,Women of reproductive age (aged 15-49 years) who have their need for family planning satisfied with modern methods (%),text,AFR,Africa,Country,SEN,Senegal,Year,2019,true,Sex,Female,SEX_FMLE,Age Group,15-49 years,AGEGROUP_AGE15-49,,,,,,,53.2,,,,,,53.2,,Senegal 2019 Demographic and Health Survey,EN,2023-03-08T05:00:00.000Z
SDGFPALL,Women of reproductive age (aged 15-49 years) who have their need for family planning satisfied with modern methods (%),text,AFR,Africa,Country,STP,Sao Tome and Principe,Year,2019,true,Sex,Female,SEX_FMLE,Age Group,15-49 years,AGEGROUP_AGE15-49,,,,,,,57.7,,,,,,57.7,,Sao Tome and Principe 2019 Multiple Indicator Cluster Survey,EN,2023-03-08T05:00:00.000Z
SDGFPALL,Women of reproductive age (aged 15-49 years) who have their need for family planning satisfied with modern methods (%),text,SEAR,South-East Asia,Country,NPL,Nepal,Year,2019,true,Sex,Female,SEX_FMLE,Age Group,15-49 years,AGEGROUP_AGE15-49,,,,,,,61.9,,,,,,61.9,,The global indicator represents all women of reproductive age. This survey estimate represents women who are married or in a union. Nepal 2019 Multiple Indicator Cluster Survey,EN,2023-03-08T05:00:00.000Z
SDGFPALL,Women of reproductive age (aged 15-49 years) who have their need for family planning satisfied with modern methods (%),text,EUR,Europe,Country,BLR,Belarus,Year,2019,true,Sex,Female,SEX_FMLE,Age Group,15-49 years,AGEGROUP_AGE15-49,,,,,,,66,,,,,,66,,Belarus 2019 Multiple Indicator Cluster Survey,EN,2023-03-08T05:00:00.000Z
SDGFPALL,Women of reproductive age (aged 15-49 years) who have their need for family planning satisfied with modern methods (%),text,SEAR,South-East Asia,Country,BGD,Bangladesh,Year,2019,true,Sex,Female,SEX_FMLE,Age Group,15-49 years,AGEGROUP_AGE15-49,,,,,,,77.4,,,,,,77.4,,The global indicator represents all women of reproductive age. This survey estimate represents women who are married or in a union. Bangladesh 2019 Multiple Indicator Cluster Survey,EN,2023-03-08T05:00:00.000Z
SDGFPALL,Women of reproductive age (aged 15-49 years) who have their need for family planning satisfied with modern methods (%),text,AMR,Americas,Country,DOM,Dominican Republic,Year,2019,true,Sex,Female,SEX_FMLE,Age Group,15-49 years,AGEGROUP_AGE15-49,,,,,,,77.4,,,,,,77.4,,Dominican Republic 2019 Multiple Indicator Cluster Survey,EN,2023-03-08T05:00:00.000Z
SDGFPALL,Women of reproductive age (aged 15-49 years) who have their need for family planning satisfied with modern methods (%),text,AMR,Americas,Country,HND,Honduras,Year,2019,true,Sex,Female,SEX_FMLE,Age Group,15-49 years,AGEGROUP_AGE15-49,,,,,,,79,,,,,,79,,Honduras 2019 Multiple Indicator Cluster Survey,EN,2023-03-08T05:00:00.000Z
SDGFPALL,Women of reproductive age (aged 15-49 years) who have their need for family planning satisfied with modern methods (%),text,EUR,Europe,Country,TKM,Turkmenistan,Year,2019,true,Sex,Female,SEX_FMLE,Age Group,15-49 years,AGEGROUP_AGE15-49,,,,,,,79.6,,,,,,79.6,,The global indicator represents all women of reproductive age. This survey estimate represents women who are married or in a union. Turkmenistan 2019 Multiple Indicator Cluster Survey,EN,2023-03-08T05:00:00.000Z
SDGFPALL,Women of reproductive age (aged 15-49 years) who have their need for family planning satisfied with modern methods (%),text,AMR,Americas,Country,CUB,Cuba,Year,2019,true,Sex,Female,SEX_FMLE,Age Group,15-49 years,AGEGROUP_AGE15-49,,,,,,,86.9,,,,,,86.9,,Cuba 2019 Multiple Indicator Cluster Survey,EN,2023-03-08T05:00:00.000Z
SDGFPALL,Women of reproductive age (aged 15-49 years) who have their need for family planning satisfied with modern methods (%),text,SEAR,South-East Asia,Country,THA,Thailand,Year,2019,true,Sex,Female,SEX_FMLE,Age Group,15-49 years,AGEGROUP_AGE15-49,,,,,,,88.2,,,,,,88.2,,Thailand 2019 Multiple Indicator Cluster Survey,EN,2023-03-08T05:00:00.000Z
SDGFPALL,Women of reproductive age (aged 15-49 years) who have their need for family planning satisfied with modern methods (%),text,EMR,Eastern Mediterranean,Country,SOM,Somalia,Year,2018-2019,true,Sex,Female,SEX_FMLE,Age Group,15-49 years,AGEGROUP_AGE15-49,,,,,,,2.1,,,,,,2.1,,The global indicator represents all women of reproductive age. This survey estimate represents women who are married or in a union. Contraceptive use excludes male and female sterilization. Somalia 2018-2019 Health and Demographic Survey,EN,2023-03-08T05:00:00.000Z
SDGFPALL,Women of reproductive age (aged 15-49 years) who have their need for family planning satisfied with modern methods (%),text,EUR,Europe,Country,MKD,North Macedonia,Year,2018-2019,true,Sex,Female,SEX_FMLE,Age Group,15-49 years,AGEGROUP_AGE15-49,,,,,,,29.6,,,,,,29.6,,North Macedonia 2018-2019 Multiple Indicator Cluster Survey,EN,2023-03-08T05:00:00.000Z
SDGFPALL,Women of reproductive age (aged 15-49 years) who have their need for family planning satisfied with modern methods (%),text,WPR,Western Pacific,Country,KIR,Kiribati,Year,2018-2019,true,Sex,Female,SEX_FMLE,Age Group,15-49 years,AGEGROUP_AGE15-49,,,,,,,53.1,,,,,,53.1,,Kiribati 2018-2019 Multiple Indicator Cluster Survey,EN,2023-03-08T05:00:00.000Z
SDGFPALL,Women of reproductive age (aged 15-49 years) who have their need for family planning satisfied with modern methods (%),text,AFR,Africa,Country,GNB,Guinea-Bissau,Year,2018-2019,true,Sex,Female,SEX_FMLE,Age Group,15-49 years,AGEGROUP_AGE15-49,,,,,,,60,,,,,,60,,Guinea-Bissau 2018-2019 Multiple Indicator Cluster Survey,EN,2023-03-08T05:00:00.000Z
SDGFPALL,Women of reproductive age (aged 15-49 years) who have their need for family planning satisfied with modern methods (%),text,AFR,Africa,Country,DZA,Algeria,Year,2018-2019,true,Sex,Female,SEX_FMLE,Age Group,15-49 years,AGEGROUP_AGE15-49,,,,,,,66.3,,,,,,66.3,,The global indicator represents all women of reproductive age. This survey estimate represents women who are married or in a union. Algeria 2018-2019 Multiple Indicator Cluster Survey,EN,2023-03-08T05:00:00.000Z
SDGFPALL,Women of reproductive age (aged 15-49 years) who have their need for family planning satisfied with modern methods (%),text,AMR,Americas,Country,ECU,Ecuador,Year,2018-2019,true,Sex,Female,SEX_FMLE,Age Group,15-49 years,AGEGROUP_AGE15-49,,,,,,,82.5,,,,,,82.5,,Ecuador 2018 Encuesta Nacional de Salud y Nutrición,EN,2023-03-08T05:00:00.000Z
SDGFPALL,Women of reproductive age (aged 15-49 years) who have their need for family planning satisfied with modern methods (%),text,AMR,Americas,Country,USA,United States of America,Year,2017-2019,true,Sex,Female,SEX_FMLE,Age Group,15-49 years,AGEGROUP_AGE15-49,,,,,,,78.4,,,,,,78.4,,Unmet need data do not necessarily correspond to the 2012 DHS definition. United States of America 2017-2019 National Survey of Family Growth,EN,2023-03-08T05:00:00.000Z
SDGFPALL,Women of reproductive age (aged 15-49 years) who have their need for family planning satisfied with modern methods (%),text,EUR,Europe,Country,MNE,Montenegro,Year,2018,true,Sex,Female,SEX_FMLE,Age Group,15-49 years,AGEGROUP_AGE15-49,,,,,,,32.9,,,,,,32.9,,Montenegro 2018 Multiple Indicator Cluster Survey,EN,2023-03-08T05:00:00.000Z
SDGFPALL,Women of reproductive age (aged 15-49 years) who have their need for family planning satisfied with modern methods (%),text,AFR,Africa,Country,NGA,Nigeria,Year,2018,true,Sex,Female,SEX_FMLE,Age Group,15-49 years,AGEGROUP_AGE15-49,,,,,,,35.6,,,,,,35.6,,Nigeria 2018 Demographic and Health Survey,EN,2023-03-08T05:00:00.000Z
SDGFPALL,Women of reproductive age (aged 15-49 years) who have their need for family planning satisfied with modern methods (%),text,AFR,Africa,Country,GIN,Guinea,Year,2018,true,Sex,Female,SEX_FMLE,Age Group,15-49 years,AGEGROUP_AGE15-49,,,,,,,37.7,,,,,,37.7,,Guinea 2018 Demographic and Health Survey,EN,2023-03-08T05:00:00.000Z
SDGFPALL,Women of reproductive age (aged 15-49 years) who have their need for family planning satisfied with modern methods (%),text,AFR,Africa,Country,MLI,Mali,Year,2018,true,Sex,Female,SEX_FMLE,Age Group,15-49 years,AGEGROUP_AGE15-49,,,,,,,41.2,,,,,,41.2,,Mali 2018 Demographic and Health Survey,EN,2023-03-08T05:00:00.000Z
SDGFPALL,Women of reproductive age (aged 15-49 years) who have their need for family planning satisfied with modern methods (%),text,AFR,Africa,Country,CMR,Cameroon,Year,2018,true,Sex,Female,SEX_FMLE,Age Group,15-49 years,AGEGROUP_AGE15-49,,,,,,,44.9,,,,,,44.9,,Cameroon 2018 Demographic and Health Survey,EN,2023-03-08T05:00:00.000Z
SDGFPALL,Women of reproductive age (aged 15-49 years) who have their need for family planning satisfied with modern methods (%),text,EUR,Europe,Country,GEO,Georgia,Year,2018,true,Sex,Female,SEX_FMLE,Age Group,15-49 years,AGEGROUP_AGE15-49,,,,,,,51.3,,,,,,51.3,,The global indicator represents all women of reproductive age. This survey estimate represents women who are married or in a union. Georgia 2018 Multiple Indicator Cluster Survey,EN,2023-03-08T05:00:00.000Z
SDGFPALL,Women of reproductive age (aged 15-49 years) who have their need for family planning satisfied with modern methods (%),text,EMR,Eastern Mediterranean,Country,IRQ,Iraq,Year,2018,true,Sex,Female,SEX_FMLE,Age Group,15-49 years,AGEGROUP_AGE15-49,,,,,,,53.8,,,,,,53.8,,The global indicator represents all women of reproductive age. This survey estimate represents women who are married or in a union. Iraq 2018 Multiple Indicator Cluster Survey,EN,2023-03-08T05:00:00.000Z
SDGFPALL,Women of reproductive age (aged 15-49 years) who have their need for family planning satisfied with modern methods (%),text,AMR,Americas,Country,SUR,Suriname,Year,2018,true,Sex,Female,SEX_FMLE,Age Group,15-49 years,AGEGROUP_AGE15-49,,,,,,,57.5,,,,,,57.5,,Suriname 2018 Multiple Indicator Cluster Survey,EN,2023-03-08T05:00:00.000Z
SDGFPALL,Women of reproductive age (aged 15-49 years) who have their need for family planning satisfied with modern methods (%),text,EUR,Europe,Country,TUR,Türkiye,Year,2018,true,Sex,Female,SEX_FMLE,Age Group,15-49 years,AGEGROUP_AGE15-49,,,,,,,60.2,,,,,,60.2,,The global indicator represents all women of reproductive age. This survey estimate represents women who are married or in a union. Turkey 2018 Demographic and Health Survey,EN,2023-03-08T05:00:00.000Z
SDGFPALL,Women of reproductive age (aged 15-49 years) who have their need for family planning satisfied with modern methods (%),text,EMR,Eastern Mediterranean,Country,TUN,Tunisia,Year,2018,true,Sex,Female,SEX_FMLE,Age Group,15-49 years,AGEGROUP_AGE15-49,,,,,,,62.7,,,,,,62.7,,The global indicator represents all women of reproductive age. This survey estimate represents women who are married or in a union. Tunisia 2018 Multiple Indicator Cluster Survey,EN,2023-03-08T05:00:00.000Z
SDGFPALL,Women of reproductive age (aged 15-49 years) who have their need for family planning satisfied with modern methods (%),text,WPR,Western Pacific,Country,MNG,Mongolia,Year,2018,true,Sex,Female,SEX_FMLE,Age Group,15-49 years,AGEGROUP_AGE15-49,,,,,,,63.6,,,,,,63.6,,Mongolia 2018 Multiple Indicator Cluster Survey,EN,2023-03-08T05:00:00.000Z
SDGFPALL,Women of reproductive age (aged 15-49 years) who have their need for family planning satisfied with modern methods (%),text,EUR,Europe,Country,KGZ,Kyrgyzstan,Year,2018,true,Sex,Female,SEX_FMLE,Age Group,15-49 years,AGEGROUP_AGE15-49,,,,,,,64.6,,,,,,64.6,,Kyrgyzstan 2018 Multiple Indicator Cluster Survey,EN,2023-03-08T05:00:00.000Z
SDGFPALL,Women of reproductive age (aged 15-49 years) who have their need for family planning satisfied with modern methods (%),text,AFR,Africa,Country,ZMB,Zambia,Year,2018,true,Sex,Female,SEX_FMLE,Age Group,15-49 years,AGEGROUP_AGE15-49,,,,,,,65.9,,,,,,65.9,,Zambia 2018 Demographic and Health Survey,EN,2023-03-08T05:00:00.000Z
SDGFPALL,Women of reproductive age (aged 15-49 years) who have their need for family planning satisfied with modern methods (%),text,EMR,Eastern Mediterranean,Country,MAR,Morocco,Year,2018,true,Sex,Female,SEX_FMLE,Age Group,15-49 years,AGEGROUP_AGE15-49,,,,,,,72,,,,,,72,,The global indicator represents all women of reproductive age. This survey estimate represents women who are married or in a union. Morocco 2018 Enquête Nationale sur la Population et la Santé Familiale,EN,2023-03-08T05:00:00.000Z
SDGFPALL,Women of reproductive age (aged 15-49 years) who have their need for family planning satisfied with modern methods (%),text,EUR,Europe,Country,KAZ,Kazakhstan,Year,2018,true,Sex,Female,SEX_FMLE,Age Group,15-49 years,AGEGROUP_AGE15-49,,,,,,,73.2,,,,,,73.2,,The global indicator represents all women of reproductive age. This survey estimate represents women who are married or in a union. The fertility intention question used in the calculation of unmet need refers to a three year period instead of a two year period. Kazakhstan 2018 Gender and Generations Survey,EN,2023-03-08T05:00:00.000Z
SDGFPALL,Women of reproductive age (aged 15-49 years) who have their need for family planning satisfied with modern methods (%),text,AMR,Americas,Country,CRI,Costa Rica,Year,2018,true,Sex,Female,SEX_FMLE,Age Group,15-49 years,AGEGROUP_AGE15-49,,,,,,,80.8,,,,,,80.8,,Costa Rica 2018 Multiple Indicator Cluster Survey,EN,2023-03-08T05:00:00.000Z
SDGFPALL,Women of reproductive age (aged 15-49 years) who have their need for family planning satisfied with modern methods (%),text,AFR,Africa,Country,LSO,Lesotho,Year,2018,true,Sex,Female,SEX_FMLE,Age Group,15-49 years,AGEGROUP_AGE15-49,,,,,,,82.8,,,,,,82.8,,Lesotho 2018 Multiple Indicator Cluster Survey,EN,2023-03-08T05:00:00.000Z
SDGFPALL,Women of reproductive age (aged 15-49 years) who have their need for family planning satisfied with modern methods (%),text,AMR,Americas,Country,MEX,Mexico,Year,2018,true,Sex,Female,SEX_FMLE,Age Group,15-49 years,AGEGROUP_AGE15-49,,,,,,,83.1,,,,,,83.1,,The global indicator represents all women of reproductive age. This survey estimate represents women who are married or in a union. Mexico 2018 Encuesta Nacional de la Dinámica Demográfica,EN,2023-03-08T05:00:00.000Z
SDGFPALL,Women of reproductive age (aged 15-49 years) who have their need for family planning satisfied with modern methods (%),text,AFR,Africa,Country,BEN,Benin,Year,2017-2018,true,Sex,Female,SEX_FMLE,Age Group,15-49 years,AGEGROUP_AGE15-49,,,,,,,28,,,,,,28,,Benin 2017-2018 Demographic and Health Survey,EN,2023-03-08T05:00:00.000Z
SDGFPALL,Women of reproductive age (aged 15-49 years) who have their need for family planning satisfied with modern methods (%),text,AFR,Africa,Country,COD,Democratic Republic of the Congo,Year,2017-2018,true,Sex,Female,SEX_FMLE,Age Group,15-49 years,AGEGROUP_AGE15-49,,,,,,,33,,,,,,33,,Democratic Republic of the Congo 2017-2018 Multiple Indicator Cluster Survey,EN,2023-03-08T05:00:00.000Z
SDGFPALL,Women of reproductive age (aged 15-49 years) who have their need for family planning satisfied with modern methods (%),text,AFR,Africa,Country,GHA,Ghana,Year,2017-2018,true,Sex,Female,SEX_FMLE,Age Group,15-49 years,AGEGROUP_AGE15-49,,,,,,,40.4,,,,,,40.4,,Ghana 2017-2018 Multiple Indicator Cluster Survey,EN,2023-03-08T05:00:00.000Z
SDGFPALL,Women of reproductive age (aged 15-49 years) who have their need for family planning satisfied with modern methods (%),text,EMR,Eastern Mediterranean,Country,PAK,Pakistan,Year,2017-2018,true,Sex,Female,SEX_FMLE,Age Group,15-49 years,AGEGROUP_AGE15-49,,,,,,,48.5,,,,,,48.5,,The global indicator represents all women of reproductive age. This survey estimate represents women who are married or in a union. Excluding Azad Jammu and Kashmir and Gilgit Baltistan. Pakistan 2017-2018 Demographic and Health Survey,EN,2023-03-08T05:00:00.000Z
SDGFPALL,Women of reproductive age (aged 15-49 years) who have their need for family planning satisfied with modern methods (%),text,EMR,Eastern Mediterranean,Country,JOR,Jordan,Year,2017-2018,true,Sex,Female,SEX_FMLE,Age Group,15-49 years,AGEGROUP_AGE15-49,,,,,,,56.7,,,,,,56.7,,The global indicator represents all women of reproductive age. This survey estimate represents women who are married or in a union. Jordan 2017-2018 Demographic and Health Survey,EN,2023-03-08T05:00:00.000Z
SDGFPALL,Women of reproductive age (aged 15-49 years) who have their need for family planning satisfied with modern methods (%),text,EUR,Europe,Country,ALB,Albania,Year,2017-2018,true,Sex,Female,SEX_FMLE,Age Group,15-49 years,AGEGROUP_AGE15-49,,,,,,,6.3,,,,,,6.3,,Albania 2017-2018 Demographic and Health Survey,EN,2023-03-08T05:00:00.000Z
SDGFPALL,Women of reproductive age (aged 15-49 years) who have their need for family planning satisfied with modern methods (%),text,SEAR,South-East Asia,Country,MDV,Maldives,Year,2016-2017,true,Sex,Female,SEX_FMLE,Age Group,15-49 years,AGEGROUP_AGE15-49,,,,,,,29.2,,,,,,29.2,,Maldives 2016-2017 Demographic and Health Survey,EN,2023-03-08T05:00:00.000Z
SDGFPALL,Women of reproductive age (aged 15-49 years) who have their need for family planning satisfied with modern methods (%),text,AFR,Africa,Country,BDI,Burundi,Year,2016-2017,true,Sex,Female,SEX_FMLE,Age Group,15-49 years,AGEGROUP_AGE15-49,,,,,,,39.6,,,,,,39.6,,Burundi 2016 Demographic and Health Survey,EN,2023-03-08T05:00:00.000Z
SDGFPALL,Women of reproductive age (aged 15-49 years) who have their need for family planning satisfied with modern methods (%),text,AMR,Americas,Country,HTI,Haiti,Year,2016-2017,true,Sex,Female,SEX_FMLE,Age Group,15-49 years,AGEGROUP_AGE15-49,,,,,,,45.4,,,,,,45.4,,Haiti 2016-2017 Demographic and Health Survey,EN,2023-03-08T05:00:00.000Z
SDGFPALL,Women of reproductive age (aged 15-49 years) who have their need for family planning satisfied with modern methods (%),text,SEAR,South-East Asia,Country,IDN,Indonesia,Year,2016-2017,true,Sex,Female,SEX_FMLE,Age Group,15-49 years,AGEGROUP_AGE15-49,,,,,,,77.6,,,,,,77.6,,Indonesia 2016-2017 PMA2020 Round 2,EN,2023-03-08T05:00:00.000Z
SDGFPALL,Women of reproductive age (aged 15-49 years) who have their need for family planning satisfied with modern methods (%),text,WPR,Western Pacific,Country,PNG,Papua New Guinea,Year,2016-2018,true,Sex,Female,SEX_FMLE,Age Group,15-49 years,AGEGROUP_AGE15-49,,,,,,,49.2,,,,,,49.2,,Papua New Guinea 2016-2018 Demographic and Health Survey,EN,2023-03-08T05:00:00.000Z
SDGFPALL,Women of reproductive age (aged 15-49 years) who have their need for family planning satisfied with modern methods (%),text,AFR,Africa,Country,TGO,Togo,Year,2017,true,Sex,Female,SEX_FMLE,Age Group,15-49 years,AGEGROUP_AGE15-49,,,,,,,39.6,,,,,,39.6,,Togo 2017 Multiple Indicator Cluster Survey,EN,2023-03-08T05:00:00.000Z
SDGFPALL,Women of reproductive age (aged 15-49 years) who have their need for family planning satisfied with modern methods (%),text,EUR,Europe,Country,TJK,Tajikistan,Year,2017,true,Sex,Female,SEX_FMLE,Age Group,15-49 years,AGEGROUP_AGE15-49,,,,,,,52.1,,,,,,52.1,,The global indicator represents all women of reproductive age. This survey estimate represents women who are married or in a union. Tajikistan 2017 Demographic and Health Survey,EN,2023-03-08T05:00:00.000Z
SDGFPALL,Women of reproductive age (aged 15-49 years) who have their need for family planning satisfied with modern methods (%),text,WPR,Western Pacific,Country,PHL,Philippines,Year,2017,true,Sex,Female,SEX_FMLE,Age Group,15-49 years,AGEGROUP_AGE15-49,,,,,,,56,,,,,,56,,Philippines 2017 Demographic and Health Survey,EN,2023-03-08T05:00:00.000Z
SDGFPALL,Women of reproductive age (aged 15-49 years) who have their need for family planning satisfied with modern methods (%),text,WPR,Western Pacific,Country,LAO,Lao People's Democratic Republic,Year,2017,true,Sex,Female,SEX_FMLE,Age Group,15-49 years,AGEGROUP_AGE15-49,,,,,,,72.3,,,,,,72.3,,Lao People's Democratic Republic 2017 Social Indicator Survey II,EN,2023-03-08T05:00:00.000Z
SDGFPALL,Women of reproductive age (aged 15-49 years) who have their need for family planning satisfied with modern methods (%),text,SEAR,South-East Asia,Country,IDN,Indonesia,Year,2017,true,Sex,Female,SEX_FMLE,Age Group,15-49 years,AGEGROUP_AGE15-49,,,,,,,77,,,,,,77,,Indonesia 2017 Demographic and Health Survey,EN,2023-03-08T05:00:00.000Z
SDGFPALL,Women of reproductive age (aged 15-49 years) who have their need for family planning satisfied with modern methods (%),text,EUR,Europe,Country,SWE,Sweden,Year,2017,true,Sex,Female,SEX_FMLE,Age Group,15-49 years,AGEGROUP_AGE15-49,,,,,,,86.7,,,,,,86.7,,"Women were identified as having unmet need if they were sexually active, not using contraception, capable of having children, did not have a same-sex partner, and did not want to become pregnant. Sweden 2017 Contraception Survey",EN,2023-03-08T05:00:00.000Z
SDGFPALL,Women of reproductive age (aged 15-49 years) who have their need for family planning satisfied with modern methods (%),text,SEAR,South-East Asia,Country,PRK,Democratic People's Republic of Korea,Year,2017,true,Sex,Female,SEX_FMLE,Age Group,15-49 years,AGEGROUP_AGE15-49,,,,,,,89.6,,,,,,89.6,,The global indicator represents all women of reproductive age. This survey estimate represents women who are married or in a union. Democratic People's Republic of Korea 2017 Multiple Indicator Cluster Survey,EN,2023-03-08T05:00:00.000Z
SDGFPALL,Women of reproductive age (aged 15-49 years) who have their need for family planning satisfied with modern methods (%),text,SEAR,South-East Asia,Country,TLS,Timor-Leste,Year,2016,true,Sex,Female,SEX_FMLE,Age Group,15-49 years,AGEGROUP_AGE15-49,,,,,,,45.9,,,,,,45.9,,Timor-Leste 2016 Demographic and Health Survey,EN,2023-03-08T05:00:00.000Z
SDGFPALL,Women of reproductive age (aged 15-49 years) who have their need for family planning satisfied with modern methods (%),text,AMR,Americas,Country,BOL,Bolivia (Plurinational State of),Year,2016,true,Sex,Female,SEX_FMLE,Age Group,15-49 years,AGEGROUP_AGE15-49,,,,,,,50.3,,,,,,50.3,,The global indicator represents all women of reproductive age. This survey estimate represents women who are married or in a union. Bolivia 2016 Demographic and Health Survey,EN,2023-03-08T05:00:00.000Z
SDGFPALL,Women of reproductive age (aged 15-49 years) who have their need for family planning satisfied with modern methods (%),text,SEAR,South-East Asia,Country,LKA,Sri Lanka,Year,2016,true,Sex,Female,SEX_FMLE,Age Group,15-49 years,AGEGROUP_AGE15-49,,,,,,,74.3,,,,,,74.3,,The global indicator represents all women of reproductive age. This survey estimate represents women who are married or in a union. Sri Lanka 2016 Demographic and Health Survey (national),EN,2023-03-08T05:00:00.000Z
SDGFPALL,Women of reproductive age (aged 15-49 years) who have their need for family planning satisfied with modern methods (%),text,AMR,Americas,Country,PRY,Paraguay,Year,2016,true,Sex,Female,SEX_FMLE,Age Group,15-49 years,AGEGROUP_AGE15-49,,,,,,,78.9,,,,,,78.9,,Paraguay 2016 Multiple Indicator Cluster Survey,EN,2023-03-08T05:00:00.000Z
SDGFPALL,Women of reproductive age (aged 15-49 years) who have their need for family planning satisfied with modern methods (%),text,AFR,Africa,Country,ZAF,South Africa,Year,2016,true,Sex,Female,SEX_FMLE,Age Group,15-49 years,AGEGROUP_AGE15-49,,,,,,,79.7,,,,,,79.7,,South Africa 2016 Demographic and Health Survey,EN,2023-03-08T05:00:00.000Z
SDGFPALL,Women of reproductive age (aged 15-49 years) who have their need for family planning satisfied with modern methods (%),text,AFR,Africa,Country,AGO,Angola,Year,2015-2016,true,Sex,Female,SEX_FMLE,Age Group,15-49 years,AGEGROUP_AGE15-49,,,,,,,29.8,,,,,,29.8,,Angola 2015-2016 Demographic and Health Survey,EN,2023-03-08T05:00:00.000Z
SDGFPALL,Women of reproductive age (aged 15-49 years) who have their need for family planning satisfied with modern methods (%),text,EUR,Europe,Country,ARM,Armenia,Year,2015-2016,true,Sex,Female,SEX_FMLE,Age Group,15-49 years,AGEGROUP_AGE15-49,,,,,,,40.2,,,,,,40.2,,The global indicator represents all women of reproductive age. This survey estimate represents women who are married or in a union. Armenia 2015-16 Demographic and Health Survey,EN,2023-03-08T05:00:00.000Z
SDGFPALL,Women of reproductive age (aged 15-49 years) who have their need for family planning satisfied with modern methods (%),text,EMR,Eastern Mediterranean,Country,AFG,Afghanistan,Year,2015-2016,true,Sex,Female,SEX_FMLE,Age Group,15-49 years,AGEGROUP_AGE15-49,,,,,,,42.1,,,,,,42.1,,The global indicator represents all women of reproductive age. This survey estimate represents women who are married or in a union. Afghanistan 2015 Demographic and Health Survey,EN,2023-03-08T05:00:00.000Z
SDGFPALL,Women of reproductive age (aged 15-49 years) who have their need for family planning satisfied with modern methods (%),text,AFR,Africa,Country,TZA,United Republic of Tanzania,Year,2015-2016,true,Sex,Female,SEX_FMLE,Age Group,15-49 years,AGEGROUP_AGE15-49,,,,,,,55.1,,,,,,55.1,,United Republic of Tanzania 2015-2016 Demographic and Health Survey,EN,2023-03-08T05:00:00.000Z
SDGFPALL,Women of reproductive age (aged 15-49 years) who have their need for family planning satisfied with modern methods (%),text,AMR,Americas,Country,BLZ,Belize,Year,2015-2016,true,Sex,Female,SEX_FMLE,Age Group,15-49 years,AGEGROUP_AGE15-49,,,,,,,64.9,,,,,,64.9,,Belize 2015-2016 Multiple Indicator Cluster Survey,EN,2023-03-08T05:00:00.000Z
SDGFPALL,Women of reproductive age (aged 15-49 years) who have their need for family planning satisfied with modern methods (%),text,SEAR,South-East Asia,Country,IND,India,Year,2015-2016,true,Sex,Female,SEX_FMLE,Age Group,15-49 years,AGEGROUP_AGE15-49,,,,,,,72.8,,,,,,72.8,,India 2015-2016 Demographic and Health Survey,EN,2023-03-08T05:00:00.000Z
SDGFPALL,Women of reproductive age (aged 15-49 years) who have their need for family planning satisfied with modern methods (%),text,SEAR,South-East Asia,Country,MMR,Myanmar,Year,2015-2016,true,Sex,Female,SEX_FMLE,Age Group,15-49 years,AGEGROUP_AGE15-49,,,,,,,74.9,,,,,,74.9,,Myanmar 2015-2016 Demographic and Health Survey,EN,2023-03-08T05:00:00.000Z
SDGFPALL,Women of reproductive age (aged 15-49 years) who have their need for family planning satisfied with modern methods (%),text,AMR,Americas,Country,COL,Colombia,Year,2015-2016,true,Sex,Female,SEX_FMLE,Age Group,15-49 years,AGEGROUP_AGE15-49,,,,,,,86.6,,,,,,86.6,,Colombia 2015 Demographic and Health Survey,EN,2023-03-08T05:00:00.000Z
SDGFPALL,Women of reproductive age (aged 15-49 years) who have their need for family planning satisfied with modern methods (%),text,WPR,Western Pacific,Country,SLB,Solomon Islands,Year,2015,true,Sex,Female,SEX_FMLE,Age Group,15-49 years,AGEGROUP_AGE15-49,,,,,,,38,,,,,,38,,The global indicator represents all women of reproductive age. This survey estimate represents women who are married or in a union. Solomon Islands 2015 Demographic and Health Survey,EN,2023-03-08T05:00:00.000Z
SDGFPALL,Women of reproductive age (aged 15-49 years) who have their need for family planning satisfied with modern methods (%),text,AFR,Africa,Country,MOZ,Mozambique,Year,2015,true,Sex,Female,SEX_FMLE,Age Group,15-49 years,AGEGROUP_AGE15-49,,,,,,,55.5,,,,,,55.5,,Mozambique 2015 HIV-AIDS Indicator Survey,EN,2023-03-08T05:00:00.000Z
SDGFPALL,Women of reproductive age (aged 15-49 years) who have their need for family planning satisfied with modern methods (%),text,AFR,Africa,Country,ZWE,Zimbabwe,Year,2015,true,Sex,Female,SEX_FMLE,Age Group,15-49 years,AGEGROUP_AGE15-49,,,,,,,84.8,,,,,,84.8,,Zimbabwe 2015 Demographic and Health Survey,EN,2023-03-08T05:00:00.000Z
SDGFPALL,Women of reproductive age (aged 15-49 years) who have their need for family planning satisfied with modern methods (%),text,AFR,Africa,Country,COG,Congo,Year,2014-2015,true,Sex,Female,SEX_FMLE,Age Group,15-49 years,AGEGROUP_AGE15-49,,,,,,,43.2,,,,,,43.2,,Congo 2014-2015 Multiple Indicator Cluster Survey,EN,2023-03-08T05:00:00.000Z
SDGFPALL,Women of reproductive age (aged 15-49 years) who have their need for family planning satisfied with modern methods (%),text,AMR,Americas,Country,PAN,Panama,Year,2014-2015,true,Sex,Female,SEX_FMLE,Age Group,15-49 years,AGEGROUP_AGE15-49,,,,,,,65.2,,,,,,65.2,,Panama 2014-2015 Sexual and Reproductive Health-Survey,EN,2023-03-08T05:00:00.000Z
SDGFPALL,Women of reproductive age (aged 15-49 years) who have their need for family planning satisfied with modern methods (%),text,AMR,Americas,Country,GTM,Guatemala,Year,2014-2015,true,Sex,Female,SEX_FMLE,Age Group,15-49 years,AGEGROUP_AGE15-49,,,,,,,66.1,,,,,,66.1,,Guatemala 2014-2015 Encuesta Nacional de Salud Materno Infantil,EN,2023-03-08T05:00:00.000Z
SDGFPALL,Women of reproductive age (aged 15-49 years) who have their need for family planning satisfied with modern methods (%),text,EMR,Eastern Mediterranean,Country,LBY,Libya,Year,2014,true,Sex,Female,SEX_FMLE,Age Group,15-49 years,AGEGROUP_AGE15-49,,,,,,,24,,,,,,24,,The global indicator represents all women of reproductive age. This survey estimate represents women who are married or in a union. Libya 2014 National Family Health Survey,EN,2023-03-08T05:00:00.000Z
SDGFPALL,Women of reproductive age (aged 15-49 years) who have their need for family planning satisfied with modern methods (%),text,EMR,Eastern Mediterranean,Country,SDN,Sudan,Year,2014,true,Sex,Female,SEX_FMLE,Age Group,15-49 years,AGEGROUP_AGE15-49,,,,,,,30.2,,,,,,30.2,,The global indicator represents all women of reproductive age. This survey estimate represents women who are married or in a union. Sudan 2014 Multiple Indicator Cluster Survey,EN,2023-03-08T05:00:00.000Z
SDGFPALL,Women of reproductive age (aged 15-49 years) who have their need for family planning satisfied with modern methods (%),text,EMR,Eastern Mediterranean,Country,OMN,Oman,Year,2014,true,Sex,Female,SEX_FMLE,Age Group,15-49 years,AGEGROUP_AGE15-49,,,,,,,39.6,,,,,,39.6,,The global indicator represents all women of reproductive age. This survey estimate represents women who are married or in a union. Oman 2014 Multiple Indicator Cluster Survey,EN,2023-03-08T05:00:00.000Z
SDGFPALL,Women of reproductive age (aged 15-49 years) who have their need for family planning satisfied with modern methods (%),text,AFR,Africa,Country,MUS,Mauritius,Year,2014,true,Sex,Female,SEX_FMLE,Age Group,15-49 years,AGEGROUP_AGE15-49,,,,,,,41.9,,,,,,41.9,,The global indicator represents all women of reproductive age. This survey estimate represents women who are married or in a union. Excluding Island of Rodrigues. Data for Island of Rodigrues are available in report. Mauritius 2014 Contraceptive Prevalence Survey,EN,2023-03-08T05:00:00.000Z
SDGFPALL,Women of reproductive age (aged 15-49 years) who have their need for family planning satisfied with modern methods (%),text,WPR,Western Pacific,Country,KHM,Cambodia,Year,2014,true,Sex,Female,SEX_FMLE,Age Group,15-49 years,AGEGROUP_AGE15-49,,,,,,,56.5,,,,,,56.5,,Cambodia 2014 Demographic and Health Survey,EN,2023-03-08T05:00:00.000Z
SDGFPALL,Women of reproductive age (aged 15-49 years) who have their need for family planning satisfied with modern methods (%),text,EMR,Eastern Mediterranean,Country,EGY,Egypt,Year,2014,true,Sex,Female,SEX_FMLE,Age Group,15-49 years,AGEGROUP_AGE15-49,,,,,,,80,,,,,,80,,The global indicator represents all women of reproductive age. This survey estimate represents women who are married or in a union. Egypt 2014 Demographic and Health Survey,EN,2023-03-08T05:00:00.000Z
SDGFPALL,Women of reproductive age (aged 15-49 years) who have their need for family planning satisfied with modern methods (%),text,AMR,Americas,Country,SLV,El Salvador,Year,2014,true,Sex,Female,SEX_FMLE,Age Group,15-49 years,AGEGROUP_AGE15-49,,,,,,,80,,,,,,80,,El Salvador 2014 MICS,EN,2023-03-08T05:00:00.000Z
SDGFPALL,Women of reproductive age (aged 15-49 years) who have their need for family planning satisfied with modern methods (%),text,EUR,Europe,Country,EST,Estonia,Year,2014,true,Sex,Female,SEX_FMLE,Age Group,15-49 years,AGEGROUP_AGE15-49,,,,,,,80.2,,,,,,80.2,,Unmet need data do not necessarily correspond to the 2012 DHS definition. Estonia 2014 Health Behavior among Estonian Adult Population,EN,2023-03-08T05:00:00.000Z
SDGFPALL,Women of reproductive age (aged 15-49 years) who have their need for family planning satisfied with modern methods (%),text,AFR,Africa,Country,SWZ,Eswatini,Year,2014,true,Sex,Female,SEX_FMLE,Age Group,15-49 years,AGEGROUP_AGE15-49,,,,,,,82.9,,,,,,82.9,,Eswatini 2014 Multiple Indicator Cluster Survey,EN,2023-03-08T05:00:00.000Z
SDGFPALL,Women of reproductive age (aged 15-49 years) who have their need for family planning satisfied with modern methods (%),text,EMR,Eastern Mediterranean,Country,YEM,Yemen,Year,2013,true,Sex,Female,SEX_FMLE,Age Group,15-49 years,AGEGROUP_AGE15-49,,,,,,,40.5,,,,,,40.5,,The global indicator represents all women of reproductive age. This survey estimate represents women who are married or in a union. Yemen 2013 Demographic and Health Survey,EN,2023-03-08T05:00:00.000Z
SDGFPALL,Women of reproductive age (aged 15-49 years) who have their need for family planning satisfied with modern methods (%),text,WPR,Western Pacific,Country,VUT,Vanuatu,Year,2013,true,Sex,Female,SEX_FMLE,Age Group,15-49 years,AGEGROUP_AGE15-49,,,,,,,50.7,,,,,,50.7,,The global indicator represents all women of reproductive age. This survey estimate represents women who are married or in a union. Vanuatu 2013 Demographic and Health Survey,EN,2023-03-08T05:00:00.000Z
SDGFPALL,Women of reproductive age (aged 15-49 years) who have their need for family planning satisfied with modern methods (%),text,AFR,Africa,Country,NAM,Namibia,Year,2013,true,Sex,Female,SEX_FMLE,Age Group,15-49 years,AGEGROUP_AGE15-49,,,,,,,80.4,,,,,,80.4,,Namibia 2013 Demographic and Health Survey,EN,2023-03-08T05:00:00.000Z
SDGFPALL,Women of reproductive age (aged 15-49 years) who have their need for family planning satisfied with modern methods (%),text,AFR,Africa,Country,COM,Comoros,Year,2012,true,Sex,Female,SEX_FMLE,Age Group,15-49 years,AGEGROUP_AGE15-49,,,,,,,28.8,,,,,,28.8,,Comoros 2012 Demographic and Health Survey,EN,2023-03-08T05:00:00.000Z
SDGFPALL,Women of reproductive age (aged 15-49 years) who have their need for family planning satisfied with modern methods (%),text,AFR,Africa,Country,GAB,Gabon,Year,2012,true,Sex,Female,SEX_FMLE,Age Group,15-49 years,AGEGROUP_AGE15-49,,,,,,,44,,,,,,44,,Gabon 2012 Demographic and Health Survey,EN,2023-03-08T05:00:00.000Z
SDGFPALL,Women of reproductive age (aged 15-49 years) who have their need for family planning satisfied with modern methods (%),text,EUR,Europe,Country,UKR,Ukraine,Year,2012,true,Sex,Female,SEX_FMLE,Age Group,15-49 years,AGEGROUP_AGE15-49,,,,,,,68,,,,,,68,,The global indicator represents all women of reproductive age. This survey estimate represents women who are married or in a union. Ukraine 2012 Multiple Indicator Cluster Survey,EN,2023-03-08T05:00:00.000Z
SDGFPALL,Women of reproductive age (aged 15-49 years) who have their need for family planning satisfied with modern methods (%),text,EMR,Eastern Mediterranean,Country,QAT,Qatar,Year,2012,true,Sex,Female,SEX_FMLE,Age Group,15-49 years,AGEGROUP_AGE15-49,,,,,,,68.9,,,,,,68.9,,"The global indicator represents all women of reproductive age. This survey estimate represents women who are married or in a union. Infecundity measured, in part, with question on current use of contraception instead of ever use of contraception. Qatar 2012 Multiple Indicator Cluster Survey",EN,2023-03-08T05:00:00.000Z
SDGFPALL,Women of reproductive age (aged 15-49 years) who have their need for family planning satisfied with modern methods (%),text,AMR,Americas,Country,BRB,Barbados,Year,2012,true,Sex,Female,SEX_FMLE,Age Group,15-49 years,AGEGROUP_AGE15-49,,,,,,,70,,,,,,70,,"The global indicator represents all women of reproductive age. This survey estimate represents women who are married or in a union. Infecundity measured, in part, with question on current use of contraception instead of ever use of contraception. Barbados 2012 Multiple Indicator Cluster Survey",EN,2023-03-08T05:00:00.000Z
SDGFPALL,Women of reproductive age (aged 15-49 years) who have their need for family planning satisfied with modern methods (%),text,EUR,Europe,Country,BIH,Bosnia and Herzegovina,Year,2011-2012,true,Sex,Female,SEX_FMLE,Age Group,15-49 years,AGEGROUP_AGE15-49,,,,,,,21.9,,,,,,21.9,,"The global indicator represents all women of reproductive age. This survey estimate represents women who are married or in a union. Infecundity measured, in part, with question on current use of contraception instead of ever use of contraception. Bosnia and Herzegovina 2011-2012 Multiple Indicator Cluster Survey",EN,2023-03-08T05:00:00.000Z
SDGFPALL,Women of reproductive age (aged 15-49 years) who have their need for family planning satisfied with modern methods (%),text,AMR,Americas,Country,LCA,Saint Lucia,Year,2011-2012,true,Sex,Female,SEX_FMLE,Age Group,15-49 years,AGEGROUP_AGE15-49,,,,,,,72.4,,,,,,72.4,,The global indicator represents all women of reproductive age. This survey estimate represents women who are married or in a union. Saint Lucia 2012 Multiple Indicator Cluster Survey,EN,2023-03-08T05:00:00.000Z
SDGFPALL,Women of reproductive age (aged 15-49 years) who have their need for family planning satisfied with modern methods (%),text,AMR,Americas,Country,NIC,Nicaragua,Year,2011-2012,true,Sex,Female,SEX_FMLE,Age Group,15-49 years,AGEGROUP_AGE15-49,,,,,,,89.8,,,,,,89.8,,The global indicator represents all women of reproductive age. This survey estimate represents women who are married or in a union. Nicaragua 2011-2012 Demographic and Health Survey,EN,2023-03-08T05:00:00.000Z
SDGFPALL,Women of reproductive age (aged 15-49 years) who have their need for family planning satisfied with modern methods (%),text,EUR,Europe,Country,GBR,United Kingdom of Great Britain and Northern Ireland,Year,2010-2012,true,Sex,Female,SEX_FMLE,Age Group,15-49 years,AGEGROUP_AGE15-49,,,,,,,86.5,,,,,,86.5,,Excluding Northern Ireland. Unmet need data do not necessarily correspond to the 2012 DHS definition. United Kingdom 2010-2012 National Survey of Sexual Attitudes and Lifestyles,EN,2023-03-08T05:00:00.000Z
SDGFPALL,Women of reproductive age (aged 15-49 years) who have their need for family planning satisfied with modern methods (%),text,AFR,Africa,Country,GNQ,Equatorial Guinea,Year,2011,true,Sex,Female,SEX_FMLE,Age Group,15-49 years,AGEGROUP_AGE15-49,,,,,,,20.5,,,,,,20.5,,The global indicator represents all women of reproductive age. This survey estimate represents women who are married or in a union. Equatorial Guinea 2011 Demographic and Health Survey,EN,2023-03-08T05:00:00.000Z
SDGFPALL,Women of reproductive age (aged 15-49 years) who have their need for family planning satisfied with modern methods (%),text,AMR,Americas,Country,TTO,Trinidad and Tobago,Year,2011,true,Sex,Female,SEX_FMLE,Age Group,15-49 years,AGEGROUP_AGE15-49,,,,,,,58.2,,,,,,58.2,,The global indicator represents all women of reproductive age. This survey estimate represents women who are married or in a union. Trinidad and Tobago 2011 Multiple Indicator Cluster Survey,EN,2023-03-08T05:00:00.000Z
SDGFPALL,Women of reproductive age (aged 15-49 years) who have their need for family planning satisfied with modern methods (%),text,EUR,Europe,Country,RUS,Russian Federation,Year,2011,true,Sex,Female,SEX_FMLE,Age Group,15-49 years,AGEGROUP_AGE15-49,,,,,,,72.4,,,,,,72.4,,The global indicator represents all women of reproductive age. This survey estimate represents women who are married or in a union. Russian Federation 2011 Reproductive Health Survey,EN,2023-03-08T05:00:00.000Z
SDGFPALL,Women of reproductive age (aged 15-49 years) who have their need for family planning satisfied with modern methods (%),text,EMR,Eastern Mediterranean,Country,IRN,Iran (Islamic Republic of),Year,2010-2011,true,Sex,Female,SEX_FMLE,Age Group,15-49 years,AGEGROUP_AGE15-49,,,,,,,68.6,,,,,,68.6,,The global indicator represents all women of reproductive age. This survey estimate represents women who are married or in a union. Iran (Islamic Republic of) 2010 Multiple-Indicator Demographic and Health Survey,EN,2023-03-08T05:00:00.000Z
SDGFPALL,Women of reproductive age (aged 15-49 years) who have their need for family planning satisfied with modern methods (%),text,AFR,Africa,Country,ERI,Eritrea,Year,2010,true,Sex,Female,SEX_FMLE,Age Group,15-49 years,AGEGROUP_AGE15-49,,,,,,,21,,,,,,21,,Unmet need data do not necessarily correspond to the 2012 DHS definition. Eritrea 2010 Population and Health Survey,EN,2023-03-08T05:00:00.000Z
SDGFPALL,Women of reproductive age (aged 15-49 years) who have their need for family planning satisfied with modern methods (%),text,AFR,Africa,Country,SSD,South Sudan,Year,2010,true,Sex,Female,SEX_FMLE,Age Group,15-49 years,AGEGROUP_AGE15-49,,,,,,,5.6,,,,,,5.6,,"The global indicator represents all women of reproductive age. This survey estimate represents women who are married or in a union. Infecundity measured, in part, with question on current use of contraception instead of ever use of contraception. South Sudan 2010 Household Health Survey Second Round",EN,2023-03-08T05:00:00.000Z
SDGFPALL,Women of reproductive age (aged 15-49 years) who have their need for family planning satisfied with modern methods (%),text,SEAR,South-East Asia,Country,BTN,Bhutan,Year,2010,true,Sex,Female,SEX_FMLE,Age Group,15-49 years,AGEGROUP_AGE15-49,,,,,,,84.6,,,,,,84.6,,"The global indicator represents all women of reproductive age. This survey estimate represents women who are married or in a union. Infecundity measured, in part, with question on current use of contraception instead of ever use of contraception. Bhutan 2010 Multiple Indicator Survey",EN,2023-03-08T05:00:00.000Z
SDGFPALL,Women of reproductive age (aged 15-49 years) who have their need for family planning satisfied with modern methods (%),text,EMR,Eastern Mediterranean,Country,SYR,Syrian Arab Republic,Year,2009,true,Sex,Female,SEX_FMLE,Age Group,15-49 years,AGEGROUP_AGE15-49,,,,,,,53.3,,,,,,53.3,,The global indicator represents all women of reproductive age. This survey estimate represents women who are married or in a union. Unmet need data excluded unwanted births as the survey did not ask whether a child was wanted. Syrian Arab Republic 2009 Family Health Survey,EN,2023-03-08T05:00:00.000Z
SDGFPALL,Women of reproductive age (aged 15-49 years) who have their need for family planning satisfied with modern methods (%),text,AMR,Americas,Country,JAM,Jamaica,Year,2008-2009,true,Sex,Female,SEX_FMLE,Age Group,15-49 years,AGEGROUP_AGE15-49,,,,,,,82.9,,,,,,82.9,,The global indicator represents all women of reproductive age. This survey estimate represents women who are married or in a union. Jamaica 2008 Reproductive and Health Survey,EN,2023-03-08T05:00:00.000Z
SDGFPALL,Women of reproductive age (aged 15-49 years) who have their need for family planning satisfied with modern methods (%),text,EUR,Europe,Country,CZE,Czechia,Year,2008,true,Sex,Female,SEX_FMLE,Age Group,15-49 years,AGEGROUP_AGE15-49,,,,,,,85.7,,,,,,85.7,,"The global indicator represents all women of reproductive age. This survey estimate represents women who are married or in a union. Contraceptive use excludes male and female sterilization. Unmet need data include fecund women with a partner, not practicing contraception and not wanting additional children or with a current pregnancy that was not wanted or mistimed at conception. Czech Republic 2008 Generations and Gender Survey",EN,2023-03-08T05:00:00.000Z
SDGFPALL,Women of reproductive age (aged 15-49 years) who have their need for family planning satisfied with modern methods (%),text,AFR,Africa,Country,BWA,Botswana,Year,2007-2008,true,Sex,Female,SEX_FMLE,Age Group,15-49 years,AGEGROUP_AGE15-49,,,,,,,82.1,,,,,,82.1,,Botswana 2007 Family Health Survey - Multiple Indicator Cluster Survey,EN,2023-03-08T05:00:00.000Z
SDGFPALL,Women of reproductive age (aged 15-49 years) who have their need for family planning satisfied with modern methods (%),text,WPR,Western Pacific,Country,NRU,Nauru,Year,2007,true,Sex,Female,SEX_FMLE,Age Group,15-49 years,AGEGROUP_AGE15-49,,,,,,,42.5,,,,,,42.5,,The global indicator represents all women of reproductive age. This survey estimate represents women who are married or in a union. Nauru 2007 Demographic Health Survey (national),EN,2023-03-08T05:00:00.000Z
SDGFPALL,Women of reproductive age (aged 15-49 years) who have their need for family planning satisfied with modern methods (%),text,WPR,Western Pacific,Country,MHL,Marshall Islands,Year,2007,true,Sex,Female,SEX_FMLE,Age Group,15-49 years,AGEGROUP_AGE15-49,,,,,,,80.5,,,,,,80.5,,The global indicator represents all women of reproductive age. This survey estimate represents women who are married or in a union. Marshall Islands 2007 Demographic Health Survey (national),EN,2023-03-08T05:00:00.000Z
SDGFPALL,Women of reproductive age (aged 15-49 years) who have their need for family planning satisfied with modern methods (%),text,AMR,Americas,Country,BRA,Brazil,Year,2006-2007,true,Sex,Female,SEX_FMLE,Age Group,15-49 years,AGEGROUP_AGE15-49,,,,,,,89.3,,,,,,89.3,,The global indicator represents all women of reproductive age. This survey estimate represents women who are married or in a union. Brazil 2006-2007 Demographic and Health Survey,EN,2023-03-08T05:00:00.000Z
SDGFPALL,Women of reproductive age (aged 15-49 years) who have their need for family planning satisfied with modern methods (%),text,EUR,Europe,Country,AZE,Azerbaijan,Year,2006,true,Sex,Female,SEX_FMLE,Age Group,15-49 years,AGEGROUP_AGE15-49,,,,,,,21.5,,,,,,21.5,,The global indicator represents all women of reproductive age. This survey estimate represents women who are married or in a union. Azerbaijan 2006 Demographic and Health Survey,EN,2023-03-08T05:00:00.000Z
SDGFPALL,Women of reproductive age (aged 15-49 years) who have their need for family planning satisfied with modern methods (%),text,AFR,Africa,Country,CPV,Cabo Verde,Year,2005,true,Sex,Female,SEX_FMLE,Age Group,15-49 years,AGEGROUP_AGE15-49,,,,,,,73.2,,,,,,73.2,,The global indicator represents all women of reproductive age. This survey estimate represents women who are married or in a union. Lactational amenorrhea (LAM) treated as a traditional method. Cape Verde 2005 Demographic and Reproductive Health Survey,EN,2023-03-08T05:00:00.000Z
SDGFPALL,Women of reproductive age (aged 15-49 years) who have their need for family planning satisfied with modern methods (%),text,EUR,Europe,Country,FRA,France,Year,2004-2005,true,Sex,Female,SEX_FMLE,Age Group,15-49 years,AGEGROUP_AGE15-49,,,,,,,95.5,,,,,,95.5,,The global indicator represents all women of reproductive age. This survey estimate represents women who are married or in a union. Unmet need data pertain to unmet need for limiting only. France 2005 Enquête du Baromètre Santé,EN,2023-03-08T05:00:00.000Z
SDGFPALL,Women of reproductive age (aged 15-49 years) who have their need for family planning satisfied with modern methods (%),text,EUR,Europe,Country,ROU,Romania,Year,2004,true,Sex,Female,SEX_FMLE,Age Group,15-49 years,AGEGROUP_AGE15-49,,,,,,,46.5,,,,,,46.5,,"The global indicator represents all women of reproductive age. This survey estimate represents women who are married or in a union. Unmet need data pertain to fecund married women, currently sexually active, currently exposed to the risk of pregnancy, not wanting to become pregnant, and not using a method of contraception other than folk methods, douches, breastfeeding or lactational amenorrhea (LAM). Unmet need data exclude women who are currently pregnant, currently seeking to become pregnant, subfecund, or who are not sexually active, including women practicing post-partum abstinence. Romania 2004 Reproductive and Health Survey",EN,2023-03-08T05:00:00.000Z
SDGFPALL,Women of reproductive age (aged 15-49 years) who have their need for family planning satisfied with modern methods (%),text,WPR,Western Pacific,Country,CHN,China,Year,2001,true,Sex,Female,SEX_FMLE,Age Group,15-49 years,AGEGROUP_AGE15-49,,,,,,,96.6,,,,,,96.6,,"The global indicator represents all women of reproductive age. This survey estimate represents women who are married or in a union. Unmet need data include women who were not using contraception because of unavailability of methods or fear of side effects. Unmet need data exclude women who are not using a method of contraception due to being separated, sterile, ill, breastfeeding or pregnant, or trying to get pregnant. China 2001 National Family Planning and Reproductive Health Survey",EN,2023-03-08T05:00:00.000Z
